2019-09-01 12:55:05,b'Mahendra Singh Dhoni\xe2\x80\x99s Great Century knocks in ODI Cricket.\n\n#dhoni #cricket #viratkohli #worldcup #india #msdhoni\xe2\x80\xa6 https://t.co/VreLJuhlcK'
2019-09-01 12:42:13,b'The ICC Test Championship should reward teams for margin of defeat. ie innings win/loss should be rewarded or penal\xe2\x80\xa6 https://t.co/BPEE2OvBe7'
2019-09-01 12:41:27,b'RT @JubinManiar: Level/Standard of Test Cricket is declining faster than anyone can imagine !! \nThis is what happens when u try to convert\xe2\x80\xa6'
2019-09-01 12:36:12,"b""RT @Petra_ikhebME_: @MEwarrior_au @KathyCollett7 @TurnItUp4ME #SEID = NOT helping nobody with M.E. #MyalgicE patients shouldn't ever suppor\xe2\x80\xa6"""
2019-09-01 12:18:04,"b""@BCCI's #HatTrick heroes in #TestCricket \xf0\x9f\x98\x8a\xf0\x9f\x91\x8f @harbhajan_singh (vs #Australia, in 2001)\n@IrfanPathan (vs #Pakistan, i\xe2\x80\xa6 https://t.co/pmvpYj8OYj"""
2019-09-01 12:10:10,"b""@MEwarrior_au @KathyCollett7 @TurnItUp4ME #SEID = NOT helping nobody with M.E. #MyalgicE patients shouldn't ever su\xe2\x80\xa6 https://t.co/ZVFx6sWeiX"""
2019-09-01 11:42:20,b'Is Jasprit Bumrah\xe2\x80\x99s action legal? Has his action been tested? #Cricket #ICC #cricket19 #SkySports https://t.co/dp6Vqr0u6e'
2019-09-01 11:36:49,"b'RT @DhanrajNathwani: What an inning @ishankishan51! The well played game of cricket (55 off 24!) earned the respect of the fellow players,\xe2\x80\xa6'"
2019-09-01 11:20:39,"b'RT @halyapuff: #Russia backed #Donbas militant admits to bombing civilians in #Yasenata, eastern #Ukraine \n#HagueCourt #ICC\nhttps://t.co/fC\xe2\x80\xa6'"
2019-09-01 11:19:43,"b'RT @halyapuff: #Russia backed #Donbas militant admits to bombing civilians in #Yasenata, eastern #Ukraine \n#HagueCourt #ICC\nhttps://t.co/fC\xe2\x80\xa6'"
2019-09-01 11:05:06,b'Cricket Lover Crush &lt;3 \n\n#smritimandhana #harmanpreetkaur #cricketer\n#cricketmerijaan #cricketindia #womenscricket\xe2\x80\xa6 https://t.co/S62O3lp8gI'
2019-09-01 11:00:04,b'I will #install #wordpress #theme and #setup looks like #demo #2Hours\nFor More Info Check this Link!\xe2\x80\xa6 https://t.co/NcDNwOaqFL'
2019-09-01 10:36:10,b'Sleepless Vihari stayed up plotting a big score\n#HanumaVihari #ICC #BCCI #INDvsWI #INDvWI #WIvIND #WIvsIND\xe2\x80\xa6 https://t.co/37OEX9szBK'
2019-09-01 10:08:57,b'RT @FinSmash: What a message from @ECB_cricket Test Captain and absolute cricketing legend @root66 in support of  @LoveMusgrove #yorkshirec\xe2\x80\xa6'
2019-09-01 10:06:48,"b'RT @ishailyji: Congratulations @poonam_yadav24  for the Arjun Award. Keep on working hard with the same smile, many more awards are still i\xe2\x80\xa6'"
2019-09-01 09:59:27,"b'RT @ChiliPeppers: Over the last 30 years, volunteers around the world have picked up more than 300 million pounds of trash. The fight again\xe2\x80\xa6'"
2019-09-01 09:41:20,b'RT @SMPINTU: Your body is waterproof\nRun &amp; Keep Sweating it out\n\n#somethingbigiscoming #somethingnew #cricket #test #shoes #designedtomovey\xe2\x80\xa6'
2019-09-01 09:37:37,"b'RT @halyapuff: #Russia backed #Donbas militant admits to bombing civilians in #Yasenata, eastern #Ukraine \n#HagueCourt #ICC\nhttps://t.co/fC\xe2\x80\xa6'"
2019-09-01 09:27:28,"b'Hat-trick, plus a 5-wicket haul!\n#BumrahHatTrick \n#ICC \n#INDvsWI https://t.co/InNrO3GGnG'"
2019-09-01 08:58:27,"b'RT @IntlCrimCourt: #onthisday 2011: The Prosecution delivered closing arguments in the #ICC case of Thomas #Lubanga Dyilo, who was sentence\xe2\x80\xa6'"
2019-09-01 08:57:32,b'https://t.co/6MV9QMYvij . Bon #cpi #freegbagbo now! #france #usa #afrique #icc #merkel #macron #trump #putin #rfi\xe2\x80\xa6 https://t.co/1CNaEPmCqw'
2019-09-01 08:56:27,b'RT @SMPINTU: Your body is waterproof\nRun &amp; Keep Sweating it out\n\n#somethingbigiscoming #somethingnew #cricket #test #shoes #designedtomovey\xe2\x80\xa6'
2019-09-01 08:44:30,b'RT @FinSmash: What a message from @ECB_cricket Test Captain and absolute cricketing legend @root66 in support of  @LoveMusgrove #yorkshirec\xe2\x80\xa6'
2019-09-01 08:15:06,b'The Best of MS Dhoni Behind Stumps.\n\n#dhoni #cricket #viratkohli #worldcup #india #msdhoni #ipl #icc #kohli #love\xe2\x80\xa6 https://t.co/M6MgGGC3I6'
2019-09-01 08:00:00,b'Here are the best batsmen with the highest strike rates.\n#Cricket #Cricket_Stats #Cricket_Facts #ICC #BCCI\xe2\x80\xa6 https://t.co/TOq3xJmQBf'
2019-09-01 07:56:21,"b'RT @IckenhamCricket: 1s WIN BY 6 WKTS! After bowling @TringParkCC out for 174 (Mistry 3-20, Stagg 3-48) we chased it in 38 overs! (S.Gibson\xe2\x80\xa6'"
2019-09-01 07:42:37,"b'RT @halyapuff: #Russia backed #Donbas militant admits to bombing civilians in #Yasenata, eastern #Ukraine \n#HagueCourt #ICC\nhttps://t.co/fC\xe2\x80\xa6'"
2019-09-01 07:26:37,"b'RT @halyapuff: #Russia backed #Donbas militant admits to bombing civilians in #Yasenata, eastern #Ukraine \n#HagueCourt #ICC\nhttps://t.co/fC\xe2\x80\xa6'"
2019-09-01 07:18:57,b'RT @FinSmash: What a message from @ECB_cricket Test Captain and absolute cricketing legend @root66 in support of  @LoveMusgrove #yorkshirec\xe2\x80\xa6'
2019-09-01 07:18:47,b'RT @FinSmash: A huge Thankyou to @ECB_cricket World Cup winning captain @C_Edwards23 for her support of the @FinSmash &amp; @LoveMusgrove today\xe2\x80\xa6'
2019-09-01 07:18:20,b'RT @FinSmash: Our 1st support message from a Cricketing Knight! Thankyou for your support @BeefyBotham \n#ECB_cricket  #bbctms #Ashes #somer\xe2\x80\xa6'
2019-09-01 07:17:56,b'RT @FinSmash: Fin heads into the last 10 overs and \n@shanewarne has popped in to offer his support to @LoveMusgrove and @FinSmash \n#Ashes\xe2\x80\xa6'
2019-09-01 07:17:34,b'RT @FinSmash: Our 2nd Cricketing Knight of the Day! Thankyou to Alastair \xe2\x80\x9cChef\xe2\x80\x9d Cook for offering his incredible support! #essexcricket #en\xe2\x80\xa6'
2019-09-01 06:58:11,"b'RT @halyapuff: #Russia backed #Donbas militant admits to bombing civilians in #Yasenata, eastern #Ukraine \n#HagueCourt #ICC\nhttps://t.co/fC\xe2\x80\xa6'"
2019-09-01 06:55:25,"b'RT @halyapuff: #Russia backed #Donbas militant admits to bombing civilians in #Yasenata, eastern #Ukraine \n#HagueCourt #ICC\nhttps://t.co/fC\xe2\x80\xa6'"
2019-09-01 06:41:05,b'Your body is waterproof\nRun &amp; Keep Sweating it out\n\n#somethingbigiscoming #somethingnew #cricket #test #shoes\xe2\x80\xa6 https://t.co/pyQPj4d4K1'
2019-09-01 06:33:49,b'Wow!! Simply wow!! Woke up today with an amazing news that our very own jassie bumrah took a hattrick today!! \nI me\xe2\x80\xa6 https://t.co/XzJoFJO0qk'
2019-09-01 06:33:10,b'RT @india_fantasy: Jasprit Bumrah has no limit!\n#ICCRankings #ICC https://t.co/7h6Smr4i00'
2019-09-01 06:32:04,b'Indian team would have absence of Bumrah and Bhuvneshwar for SA T20Is.\n#indiancricketteam #cricket #viratkohli\xe2\x80\xa6 https://t.co/Pj8ZC95wIw'
2019-09-01 06:30:30,b'RT @FinSmash: What a message from @ECB_cricket Test Captain and absolute cricketing legend @root66 in support of  @LoveMusgrove #yorkshirec\xe2\x80\xa6'
2019-09-01 06:30:09,b'The Indian squad is ready to defeat SA.\n#indiancricketteam #cricket #viratkohli #indiancricket #rohitsharma\xe2\x80\xa6 https://t.co/I41GfOpOM0'
2019-09-01 05:43:13,b'RT @indiabet: Happy Sunday!!\n\nParticipate in the Daily Challenge and win #Indiabet merchandise!!\n\nParticipate from:\nhttps://t.co/KCvJWYWS75\xe2\x80\xa6'
2019-09-01 05:30:12,b'Cricket Field Positions on Cricket Ground.\n#dhoni #cricket #viratkohli #worldcup #india #msdhoni #ipl #icc #kohli\xe2\x80\xa6 https://t.co/t98nk9oykR'
2019-09-01 04:58:20,b'No proper #ICC in #supremecourtofindia  for #cjiranjangogoi accused for #sexualharassment case. \n\nhttps://t.co/ZbbkeL0TSR'
2019-09-01 04:57:29,"b'RT @halyapuff: #Russia backed #Donbas militant admits to bombing civilians in #Yasenata, eastern #Ukraine \n#HagueCourt #ICC\nhttps://t.co/fC\xe2\x80\xa6'"
2019-09-01 04:51:43,"b'RT @halyapuff: #Russia backed #Donbas militant admits to bombing civilians in #Yasenata, eastern #Ukraine \n#HagueCourt #ICC\nhttps://t.co/fC\xe2\x80\xa6'"
2019-09-01 04:31:09,b'How legendry was Ben stokes in the wc final #icc https://t.co/1q510b858G'
2019-09-01 04:30:00,b'@benstokes38 Headingley heroics sees him rise to a career-high No. 2 in the @ICC Test rankings for allrounders \xf0\x9f\x91\x8f\xe2\x80\xa6 https://t.co/p1XaeoURhO'
2019-09-01 04:30:00,b'Happy Sunday!!\n\nParticipate in the Daily Challenge and win #Indiabet merchandise!!\n\nParticipate from:\xe2\x80\xa6 https://t.co/sxdVn0OCb4'
2019-09-01 04:27:53,"b'RT @DhanrajNathwani: What an inning @ishankishan51! The well played game of cricket (55 off 24!) earned the respect of the fellow players,\xe2\x80\xa6'"
2019-09-01 04:13:57,b'@AmarUjalaNews @imVkohli @BCCI @narendramodi @TheRealPCB @SAfridiOfficial @ImranKhanPTI @SAfridiOfficial is frustra\xe2\x80\xa6 https://t.co/fWLBzwe3Sg'
2019-09-01 03:45:03,b'Do you know about ICC World Test Championship Schedule?\n\n#WorldTestChampionship #TestChampionship #ICC #Schedule\xe2\x80\xa6 https://t.co/SoIL7NAXJO'
2019-09-01 03:33:38,"b'RT @katherga1: U.S. brags about how it ""stopped international courts"" trying to charge troops with war crimes https://t.co/hRHMhy5JST\nThis\xe2\x80\xa6'"
2019-09-01 03:13:37,"b'RT @halyapuff: #Russia backed #Donbas militant admits to bombing civilians in #Yasenata, eastern #Ukraine \n#HagueCourt #ICC\nhttps://t.co/fC\xe2\x80\xa6'"
2019-09-01 03:11:01,b'.\n.\n\nFollow for more pic @bumrahjaspritfc @bumrahjaspritfc\n#ecb #klrahul #mithaliraj #smirtimandhanafc #icc\xe2\x80\xa6 https://t.co/XEsj9JJcU0'
2019-09-01 03:10:02,b'Follow Our Page @bumrahjaspritfc  For More Cricket Updates! \n#cricket #cricketupdates #cricketnews\xe2\x80\xa6 https://t.co/bEMTEo4JSG'
2019-09-01 03:08:20,b'Come join us tomorrow for service at 11 am! \xf0\x9f\x99\x8f\xf0\x9f\x92\x99\n\n#ImpactChristianChurch #PrayLoveIMPACT #ICC #God #Jesus #Christ\xe2\x80\xa6 https://t.co/Cw8EFI4pDg'
2019-09-01 03:06:52,"b'RT @halyapuff: #Russia backed #Donbas militant admits to bombing civilians in #Yasenata, eastern #Ukraine \n#HagueCourt #ICC\nhttps://t.co/fC\xe2\x80\xa6'"
2019-09-01 02:33:44,b'Level/Standard of Test Cricket is declining faster than anyone can imagine !! \nThis is what happens when u try to c\xe2\x80\xa6 https://t.co/ZadMwyaInM'
2019-09-01 02:22:08,b'Search On Youtube : Cricket Match Highlights Channel\n#India\n#vs\n#SoutAfrica\n#Ind\n#Sa\n#IndvsSa\n#IndvSa\n#INDvsWI\xe2\x80\xa6 https://t.co/6Nn4xNZq6R'
2019-09-01 02:21:24,"b'RT @DhanrajNathwani: What an inning @ishankishan51! The well played game of cricket (55 off 24!) earned the respect of the fellow players,\xe2\x80\xa6'"
2019-09-01 02:21:08,"b'RT @halyapuff: #Russia backed #Donbas militant admits to bombing civilians in #Yasenata, eastern #Ukraine \n#HagueCourt #ICC\nhttps://t.co/fC\xe2\x80\xa6'"
2019-09-01 02:15:07,b'Search On Youtube : Cricket Match Highlights Channel\n#India\n#vs\n#SoutAfrica\n#Ind\n#Sa\n#IndvsSa\n#IndvSa\n#INDvsWI\xe2\x80\xa6 https://t.co/O3jtMhra8m'
2019-09-01 01:40:43,b'@JeremyPoxon can;t wait for karma to get these LNP sadists #ICC'
2019-09-01 01:25:17,"b'Undoubtedly, jasprit #Bumrah is the one of the most bowler at present. 6/16 amazing.\n#ICC \n#INDvsWI'"
2019-09-01 01:05:04,b'What a bowler..Legends in making .9.1-3-16-6 #Hattrick #Cricket #ICC #BumrahHatTrick @Jaspritbumrah93 @ICC @BCCI https://t.co/Mtw8CkxSJH'
2019-09-01 01:00:36,"b'RT @halyapuff: #Russia backed #Donbas militant admits to bombing civilians in #Yasenata, eastern #Ukraine \n#HagueCourt #ICC\nhttps://t.co/fC\xe2\x80\xa6'"
2019-09-01 00:50:46,b'@TeaPotandSaucer @TurnItUp4ME @carpat21 @MEisNotFatigue @AnneSpaceCoast @CatEye0611 @ssppeerroo @MEflattened\xe2\x80\xa6 https://t.co/TQaaJw0TTn'
2019-09-01 00:46:43,"b'RT @halyapuff: #Russia backed #Donbas militant admits to bombing civilians in #Yasenata, eastern #Ukraine \n#HagueCourt #ICC\nhttps://t.co/fC\xe2\x80\xa6'"
2019-09-01 00:20:02,b'Is #bumrah a player or god.\nWhat a talent backed by immaculate line length and discipline.3rd Indian to take a\xe2\x80\xa6 https://t.co/IRQmKWMd9m'
2019-08-31 23:52:19,b'RT @FinSmash: Our 1st support message from a Cricketing Knight! Thankyou for your support @BeefyBotham \n#ECB_cricket  #bbctms #Ashes #somer\xe2\x80\xa6'
2019-08-31 23:42:28,b'RT @Imsingharpita99: India won the 1st test match against WI by 318 runs. #rahane &amp; #Bumrah both tame windies.But burning question is that\xe2\x80\xa6'
2019-08-31 23:38:31,b'RT @iamAbdul_Aleem: Test championship is best thing from @ICC in recent time. This will really help test cricket a lot. A special thanx to\xe2\x80\xa6'
2019-08-31 23:37:10,b'RT @iamAbdul_Aleem: Test championship is best thing from @ICC in recent time. This will really help test cricket a lot. A special thanx to\xe2\x80\xa6'
2019-08-31 23:33:31,b'RT @FinSmash: What a message from @ECB_cricket Test Captain and absolute cricketing legend @root66 in support of  @LoveMusgrove #yorkshirec\xe2\x80\xa6'
2019-08-31 23:29:54,"b'RT @halyapuff: #Russia backed #Donbas militant admits to bombing civilians in #Yasenata, eastern #Ukraine \n#HagueCourt #ICC\nhttps://t.co/fC\xe2\x80\xa6'"
2019-08-31 23:28:10,"b'RT @halyapuff: #Russia backed #Donbas militant admits to bombing civilians in #Yasenata, eastern #Ukraine \n#HagueCourt #ICC\nhttps://t.co/fC\xe2\x80\xa6'"
2019-08-31 23:13:36,b'When you don\xe2\x80\x99t make it to the team so you decide to ruin the game by being an umpire #icc #bcci #cricket https://t.co/bmjJjJrrVy'
2019-08-31 22:20:35,"b'RT @halyapuff: #Russia backed #Donbas militant admits to bombing civilians in #Yasenata, eastern #Ukraine \n#HagueCourt #ICC\nhttps://t.co/fC\xe2\x80\xa6'"
2019-08-31 22:06:15,"b'RT @halyapuff: #Russia backed #Donbas militant admits to bombing civilians in #Yasenata, eastern #Ukraine \n#HagueCourt #ICC\nhttps://t.co/fC\xe2\x80\xa6'"
2019-08-31 21:58:17,b'Jasprit Bumrah is a once in a lifetime talent.\nHe Get a Hatrick Today \n#IndvsWi  \n#Icc\n #Testchampionship https://t.co/EQdmnna6ja'
2019-08-31 21:52:05,b'The crowd at #SabinaPark cheering for every shot Rahkeem Cornwall plays is what cricket and @windiescricket is made\xe2\x80\xa6 https://t.co/6qZ5C3zmFA'
2019-08-31 21:41:05,b'RT @FinSmash: What a message from @ECB_cricket Test Captain and absolute cricketing legend @root66 in support of  @LoveMusgrove #yorkshirec\xe2\x80\xa6'
2019-08-31 21:30:42,b'RT @FinSmash: What a message from @ECB_cricket Test Captain and absolute cricketing legend @root66 in support of  @LoveMusgrove #yorkshirec\xe2\x80\xa6'
2019-08-31 21:16:50,"b'RT @halyapuff: #Russia backed #Donbas militant admits to bombing civilians in #Yasenata, eastern #Ukraine \n#HagueCourt #ICC\nhttps://t.co/fC\xe2\x80\xa6'"
2019-08-31 21:04:49,b'#bumrah \xf0\x9f\x94\xa5\xf0\x9f\x94\xa5\xf0\x9f\x94\xa5 Boommm \xf0\x9f\xa4\xa9\xf0\x9f\xa4\xa9 Hat trick for him \xf0\x9f\x91\x8d currently best bowler in the world\xf0\x9f\xa4\xa9\xf0\x9f\x91\x8c\xf0\x9f\x99\x8f His career best figures on the way\xf0\x9f\x98\x8e\xe2\x80\xa6 https://t.co/Uok62GhS80'
2019-08-31 21:01:14,"b'RT @halyapuff: #Russia backed #Donbas militant admits to bombing civilians in #Yasenata, eastern #Ukraine \n#HagueCourt #ICC\nhttps://t.co/fC\xe2\x80\xa6'"
2019-08-31 20:52:12,b'IT\xe2\x80\x99S TOMORROW!\n\nSee you all bright and early tomorrow at 9am at the NishkamSWAT Royal Amritsar Cricket Cup Tourname\xe2\x80\xa6 https://t.co/3A1Dtpe2Jo'
2019-08-31 20:42:42,b'Test cricket is now officially my favorite format.\n\n#ICC #testchampionship #INDvWI'
2019-08-31 20:42:19,b'Jasprit Bumrah joins Harbhajan Singh and Irfan Pathan to claim a ha-trick in Test match cricket. #icc #bcci #INDvWI'
2019-08-31 20:41:18,b'Just in hattrick for @Jaspritbumrah93 &amp; five fer as well\n#JaspritBumrah \n#icc\n#INDvWI \n#IndianCricketTeam https://t.co/BEefbzd0Ts'
2019-08-31 20:33:32,b'#Bumrah how many test #Bumrah to reach at 1st position in #ICC ranking. \nCurrent ranking 7\nCurrent test 12\n#INDvWI #Ashes2019 #WIvIND'
2019-08-31 20:31:24,"b'RT @halyapuff: #Russia backed #Donbas militant admits to bombing civilians in #Yasenata, eastern #Ukraine \n#HagueCourt #ICC\nhttps://t.co/fC\xe2\x80\xa6'"
2019-08-31 20:23:31,"b""RT @iamashishak: It's a test hattrick for bumrah\nWhat a champ!!!!!!\n#bumrah #icc #INDvsWI #hattrick\n@Jaspritbumrah93 @imVkohli https://t.co\xe2\x80\xa6"""
2019-08-31 20:22:46,b'RT @swamiyogeshji: @v2l2b2 Duckworth and Luis President of #ICC'
2019-08-31 20:22:26,b'@v2l2b2 Duckworth and Luis President of #ICC'
2019-08-31 20:19:07,"b""It's a test hattrick for bumrah\nWhat a champ!!!!!!\n#bumrah #icc #INDvsWI #hattrick\n@Jaspritbumrah93 @imVkohli https://t.co/fZUr4qqJvB"""
2019-08-31 20:15:11,b'What a Hatrick!!!\n\nJasprit Bumrah - you beauty! \n\n#IndvsWi\n#BCCI\n#ICC\n#WorldTestChampionship \xe2\x80\x94 watching SONY TEN 1'
2019-08-31 20:13:13,b'Boom boom @Jaspritbumrah93 can we get 10WI for the second time after @anilarch sir. \n#ViratKohli\n#icc\n#bcci\n#INDvsWI'
2019-08-31 20:10:52,b'What a Hatrick!!! \n\nJasprit Bumrah - you beauty! \n\n#IndvsWi\n#BCCI\n#ICC\n#WorldTestChampionship \xe2\x80\x94 watching SONY TEN 1'
2019-08-31 20:09:32,b'Very soon @Jaspritbumrah93 is going to grab the no. 1 spot on ICC test ranking \xf0\x9f\x8f\x8f\n#INDvsWI #Bumrah #Hattrick #ICC #Cricket'
2019-08-31 20:02:01,b'@windiescricket batsmen in turmoil against the @BCCI bowlers.\n13/3\n#WIvIND #WasteIndies #ICC'
2019-08-31 19:59:02,"b'RT @halyapuff: #Russia backed #Donbas militant admits to bombing civilians in #Yasenata, eastern #Ukraine \n#HagueCourt #ICC\nhttps://t.co/fC\xe2\x80\xa6'"
2019-08-31 19:56:40,b'RT @akshayharlikar: Pic 1: Ishant Sharma we Expected \xf0\x9f\x99\x84\xf0\x9f\x99\x84\nPic2: Ishant Sharma in Reality \xf0\x9f\x98\xb1\xf0\x9f\x98\xb1\n57 off 80 balls\n\n#INDvWI #IshantSharma #WIvIND #C\xe2\x80\xa6'
2019-08-31 19:26:40,"b""#WIvIND \nNo matter how many runs #hanumavihari scores in this test or in his career... He's gonna be one talent who\xe2\x80\xa6 https://t.co/WTWZ3rAfaP"""
2019-08-31 19:08:58,b'@ICC Well played @Hanumavihari #ICC  #BCCI #testchampionship'
2019-08-31 19:04:34,"b""Next Monday key decision from the #ICC Appeals Chamber on the #Gaza Flotilla case. Was the Prosecutor's decision no\xe2\x80\xa6 https://t.co/kuER2cFsUx"""
2019-08-31 19:04:25,"b'RT @halyapuff: #Russia backed #Donbas militant admits to bombing civilians in #Yasenata, eastern #Ukraine \n#HagueCourt #ICC\nhttps://t.co/fC\xe2\x80\xa6'"
2019-08-31 19:02:47,b'Well it seems beautiful when hard work beats talent.\n\n#RohitvsVihari.\n#INDvWI #BCCI #ICC'
2019-08-31 18:58:59,b'Pic 1: Ishant Sharma we Expected \xf0\x9f\x99\x84\xf0\x9f\x99\x84\nPic2: Ishant Sharma in Reality \xf0\x9f\x98\xb1\xf0\x9f\x98\xb1\n57 off 80 balls\n\n#INDvWI #IshantSharma\xe2\x80\xa6 https://t.co/aWeIPmu0qw'
2019-08-31 18:58:19,"b'RT @halyapuff: #Russia backed #Donbas militant admits to bombing civilians in #Yasenata, eastern #Ukraine \n#HagueCourt #ICC\nhttps://t.co/fC\xe2\x80\xa6'"
2019-08-31 18:56:03,"b'RT @halyapuff: #Russia backed #Donbas militant admits to bombing civilians in #Yasenata, eastern #Ukraine \n#HagueCourt #ICC\nhttps://t.co/fC\xe2\x80\xa6'"
2019-08-31 18:55:48,"b'RT @halyapuff: #Russia backed #Donbas militant admits to bombing civilians in #Yasenata, eastern #Ukraine \n#HagueCourt #ICC\nhttps://t.co/fC\xe2\x80\xa6'"
2019-08-31 18:55:20,b'Pic 1: Ishant Sharma I Accepted\nPic2: Ishant Sharma in Reality \xf0\x9f\x98\xb1\xf0\x9f\x98\xb1\n\n#INDvWI #IshantSharma #WIvIND #Cricket #ICC\xe2\x80\xa6 https://t.co/GildPiUiVQ'
2019-08-31 18:47:29,"b'RT @halyapuff: #Russia backed #Donbas militant admits to bombing civilians in #Yasenata, eastern #Ukraine \n#HagueCourt #ICC\nhttps://t.co/fC\xe2\x80\xa6'"
2019-08-31 18:46:43,"b'RT @halyapuff: #Russia backed #Donbas militant admits to bombing civilians in #Yasenata, eastern #Ukraine \n#HagueCourt #ICC\nhttps://t.co/fC\xe2\x80\xa6'"
2019-08-31 18:43:20,"b'RT @halyapuff: #Russia backed #Donbas militant admits to bombing civilians in #Yasenata, eastern #Ukraine \n#HagueCourt #ICC\nhttps://t.co/fC\xe2\x80\xa6'"
2019-08-31 18:41:06,b'RT @FinSmash: What a message from @ECB_cricket Test Captain and absolute cricketing legend @root66 in support of  @LoveMusgrove #yorkshirec\xe2\x80\xa6'
2019-08-31 18:39:13,"b'RT @IntlCrimCourt: Situation on the Registered Vessels of Comoros, Greece and Cambodia: #ICC Appeals Chamber to rule on Prosecutor\xe2\x80\x99s appeal\xe2\x80\xa6'"
2019-08-31 18:38:35,"b'RT @halyapuff: #Russia backed #Donbas militant admits to bombing civilians in #Yasenata, eastern #Ukraine \n#HagueCourt #ICC\nhttps://t.co/fC\xe2\x80\xa6'"
2019-08-31 18:35:24,"b'RT @halyapuff: #Russia backed #Donbas militant admits to bombing civilians in #Yasenata, eastern #Ukraine \n#HagueCourt #ICC\nhttps://t.co/fC\xe2\x80\xa6'"
2019-08-31 18:34:31,"b'1s WIN BY 6 WKTS! After bowling @TringParkCC out for 174 (Mistry 3-20, Stagg 3-48) we chased it in 38 overs! (S.Gib\xe2\x80\xa6 https://t.co/lu6rstFOOW'"
2019-08-31 18:34:24,"b'RT @halyapuff: #Russia backed #Donbas militant admits to bombing civilians in #Yasenata, eastern #Ukraine \n#HagueCourt #ICC\nhttps://t.co/fC\xe2\x80\xa6'"
2019-08-31 18:27:26,"b'RT @halyapuff: #Russia backed #Donbas militant admits to bombing civilians in #Yasenata, eastern #Ukraine \n#HagueCourt #ICC\nhttps://t.co/fC\xe2\x80\xa6'"
2019-08-31 18:26:00,"b'RT @halyapuff: #Russia backed #Donbas militant admits to bombing civilians in #Yasenata, eastern #Ukraine \n#HagueCourt #ICC\nhttps://t.co/fC\xe2\x80\xa6'"
2019-08-31 18:25:29,"b'RT @halyapuff: #Russia backed #Donbas militant admits to bombing civilians in #Yasenata, eastern #Ukraine \n#HagueCourt #ICC\nhttps://t.co/fC\xe2\x80\xa6'"
2019-08-31 18:24:24,"b'RT @IntlCrimCourt: Situation on the Registered Vessels of Comoros, Greece and Cambodia: #ICC Appeals Chamber to rule on Prosecutor\xe2\x80\x99s appeal\xe2\x80\xa6'"
2019-08-31 18:24:15,"b'RT @halyapuff: #Russia backed #Donbas militant admits to bombing civilians in #Yasenata, eastern #Ukraine \n#HagueCourt #ICC\nhttps://t.co/fC\xe2\x80\xa6'"
2019-08-31 18:24:00,"b'#Russia backed #Donbas militant admits to bombing civilians in #Yasenata, eastern #Ukraine \n#HagueCourt #ICC\xe2\x80\xa6 https://t.co/isia2Q3C2g'"
2019-08-31 18:13:20,b'RT @FinSmash: What a message from @ECB_cricket Test Captain and absolute cricketing legend @root66 in support of  @LoveMusgrove #yorkshirec\xe2\x80\xa6'
2019-08-31 18:09:10,b'RT @sixsign: *Sun -- Think Solar Power U.S. and World -- Clean Energy Efficiency -- Solar Project Will Save Earth and Lives -- ENTER GAS --\xe2\x80\xa6'
2019-08-31 17:47:10,"b""Now it's proved well @ImIshant is better than @RishabhPant17 \xf0\x9f\x98\x82\xf0\x9f\x98\x82\xf0\x9f\x98\x82 #PatienceIsTheKey #indvswi #testchampionship #icc @ICC @BCCI @BCCIdomestic"""
2019-08-31 17:26:47,"b'Which is the most threatening TEST TEAM at the moment, irrespective of the #ICC rankings?\n\n\xf0\x9f\x87\xae\xf0\x9f\x87\xb3#Kohli #Pujara #Bumrah\xe2\x80\xa6 https://t.co/0jsqntERbh'"
2019-08-31 17:18:32,b'#Sudan -#Darfur as the #Genocide victim I want to  #ICC to take #action to genocide case no more silent after fall al-Bashir regime'
2019-08-31 17:01:17,b'RT @FinSmash: Our 2nd Cricketing Knight of the Day! Thankyou to Alastair \xe2\x80\x9cChef\xe2\x80\x9d Cook for offering his incredible support! #essexcricket #en\xe2\x80\xa6'
2019-08-31 17:00:40,b'RT @FinSmash: Our 1st support message from a Cricketing Knight! Thankyou for your support @BeefyBotham \n#ECB_cricket  #bbctms #Ashes #somer\xe2\x80\xa6'
2019-08-31 16:59:27,"b'#IndianCricketTeam hold strong on day2, @Hanumavihari  &amp; @ImIshant not on crease \n#Icc #viratkohli #INDvsWI https://t.co/XpYqXGY5LX'"
2019-08-31 16:58:36,b'RT @FinSmash: A huge Thankyou to @ECB_cricket World Cup winning captain @C_Edwards23 for her support of the @FinSmash &amp; @LoveMusgrove today\xe2\x80\xa6'
2019-08-31 16:58:35,b'Is this not a strong enough case to go on international court of justice or international criminal court\xe2\x80\xa6 https://t.co/G0m4epyuWW'
2019-08-31 16:58:13,b'RT @FinSmash: Fin heads into the last 10 overs and \n@shanewarne has popped in to offer his support to @LoveMusgrove and @FinSmash \n#Ashes\xe2\x80\xa6'
2019-08-31 16:54:22,b'RT @FinSmash: @nassercricket is supporting @FinSmash today. #essexcricket #englandcricket\n#ECB_cricket #ECB_CricketFans #bbctms #Ashes #gra\xe2\x80\xa6'
2019-08-31 16:52:45,b'RT @FinSmash: @bumblecricket has been kind enough to send a message of support to @FinSmash for today\xe2\x80\x99s amazing charity batting session\n#en\xe2\x80\xa6'
2019-08-31 16:40:19,b'RT @FinSmash: What a message from @ECB_cricket Test Captain and absolute cricketing legend @root66 in support of  @LoveMusgrove #yorkshirec\xe2\x80\xa6'
2019-08-31 16:31:32,b'@MajorPoonia This is insult to #cricket #BCCI #ICC #UN must intervene and condemn it. Foolish act of connecting Cri\xe2\x80\xa6 https://t.co/nVBP3MVbH6'
2019-08-31 16:30:28,b'Check Best Stumpings by MS Dhoni in the history of his Cricket career.\n#dhoni #cricket #viratkohli #worldcup #india\xe2\x80\xa6 https://t.co/zNBJ1Ti8Ms'
2019-08-31 16:19:03,"b'RT @IntlCrimCourt: Situation on the Registered Vessels of Comoros, Greece and Cambodia: #ICC Appeals Chamber to rule on Prosecutor\xe2\x80\x99s appeal\xe2\x80\xa6'"
2019-08-31 16:00:41,b'RT @zungumuza: @Kenyans International Criminal Court #ICC at the Hague still waiting for the two ecapees'
2019-08-31 15:58:53,b'RT @s_gati: 6 red flags to remember in Fabrys Cardiomyopathy presented #ESCCongress #heart #fabry #ICC #health \xe2\x81\xa6@ESC_Journals\xe2\x81\xa9 https://t.co\xe2\x80\xa6'
2019-08-31 15:55:01,b'PC @sjtaylor_fans30 .\n.\n.\n            taylor   neverends  \n#ecb #klrahul #mithaliraj #smirtimandhanafc #icc\xe2\x80\xa6 https://t.co/0uj9Y5hlrz'
2019-08-31 15:52:45,b'RT @FinSmash: Our 2nd Cricketing Knight of the Day! Thankyou to Alastair \xe2\x80\x9cChef\xe2\x80\x9d Cook for offering his incredible support! #essexcricket #en\xe2\x80\xa6'
2019-08-31 15:52:32,b'RT @FinSmash: Our 1st support message from a Cricketing Knight! Thankyou for your support @BeefyBotham \n#ECB_cricket  #bbctms #Ashes #somer\xe2\x80\xa6'
2019-08-31 15:52:17,b'RT @FinSmash: Fin heads into the last 10 overs and \n@shanewarne has popped in to offer his support to @LoveMusgrove and @FinSmash \n#Ashes\xe2\x80\xa6'
2019-08-31 15:40:36,"b'RT @DhanrajNathwani: What an inning @ishankishan51! The well played game of cricket (55 off 24!) earned the respect of the fellow players,\xe2\x80\xa6'"
2019-08-31 15:37:42,b'What an inning @ishankishan51! The well played game of cricket (55 off 24!) earned the respect of the fellow player\xe2\x80\xa6 https://t.co/yXpBy9Jaxq'
2019-08-31 15:33:22,b'RT @FinSmash: Fin heads into the last 10 overs and \n@shanewarne has popped in to offer his support to @LoveMusgrove and @FinSmash \n#Ashes\xe2\x80\xa6'
2019-08-31 15:32:02,b'RT @s_gati: 6 red flags to remember in Fabrys Cardiomyopathy presented #ESCCongress #heart #fabry #ICC #health \xe2\x81\xa6@ESC_Journals\xe2\x81\xa9 https://t.co\xe2\x80\xa6'
2019-08-31 15:31:18,b'RT @FinSmash: Our 1st support message from a Cricketing Knight! Thankyou for your support @BeefyBotham \n#ECB_cricket  #bbctms #Ashes #somer\xe2\x80\xa6'
2019-08-31 15:30:35,b'Do you know about the ICC Women T20 World Cup 2020. #ICC #WomenT20WorldCup2020 #T20WorldCup2020 #Cricket\xe2\x80\xa6 https://t.co/5kpEvBLSZt'
2019-08-31 15:30:03,"b'#SpotlightSaturday | Special S/O to ICC GR very own Regan, for recently speaking at our Managers Meeting in Dallas,\xe2\x80\xa6 https://t.co/1RE8eUvefw'"
2019-08-31 15:22:57,b'Some legends never get old \xf0\x9f\x99\x8c\xf0\x9f\x92\xab\xf0\x9f\x92\xa5\n#ICC #cricketnation #GarySober #Espncricinfo https://t.co/nuL4MmDTd1'
2019-08-31 15:16:27,b'RT @AdibehAbdoAttia: 3 states which have unsigned th #Rome Statute #ICC are #Israel #Sudan&amp; #USA so they have no legal obligations? #ethics\xe2\x80\xa6'
2019-08-31 15:12:39,"b""More than 70% of #PCB's money from ICC is coming from #BCCI. Pakistan will stop taking that money from #ICC from no\xe2\x80\xa6 https://t.co/MDnW7KuKsQ"""
2019-08-31 15:10:30,b'RT @FinSmash: Our 2nd Cricketing Knight of the Day! Thankyou to Alastair \xe2\x80\x9cChef\xe2\x80\x9d Cook for offering his incredible support! #essexcricket #en\xe2\x80\xa6'
2019-08-31 15:09:45,b'RT @FinSmash: Fin heads into the last 10 overs and \n@shanewarne has popped in to offer his support to @LoveMusgrove and @FinSmash \n#Ashes\xe2\x80\xa6'
2019-08-31 15:04:11,b'3 states which have unsigned th #Rome Statute #ICC are #Israel #Sudan&amp; #USA so they have no legal obligations? #ethics #HR'
2019-08-31 14:54:18,"b'RT @IntlCrimCourt: Situation on the Registered Vessels of Comoros, Greece and Cambodia: #ICC Appeals Chamber to rule on Prosecutor\xe2\x80\x99s appeal\xe2\x80\xa6'"
2019-08-31 14:49:57,b'Our 2nd Cricketing Knight of the Day! Thankyou to Alastair \xe2\x80\x9cChef\xe2\x80\x9d Cook for offering his incredible support!\xe2\x80\xa6 https://t.co/F9iojYL9zb'
2019-08-31 14:45:11,b'Fin heads into the last 10 overs and \n@shanewarne has popped in to offer his support to @LoveMusgrove and @FinSmash\xe2\x80\xa6 https://t.co/g4eaOrhRqt'
2019-08-31 14:43:03,b'RT @FinSmash: Our 1st support message from a Cricketing Knight! Thankyou for your support @BeefyBotham \n#ECB_cricket  #bbctms #Ashes #somer\xe2\x80\xa6'
2019-08-31 14:32:37,b'Our 1st support message from a Cricketing Knight! Thankyou for your support @BeefyBotham \n#ECB_cricket  #bbctms\xe2\x80\xa6 https://t.co/GrvqgWLW9X'
2019-08-31 14:30:36,b'BCCI announces Indian cricket team schedule 2019 20.\n#cricket #worldcup #cwc #india #viratkohli #cricketworldcup\xe2\x80\xa6 https://t.co/GhgwyHZ5df'
2019-08-31 14:11:40,b'RT @s_gati: 6 red flags to remember in Fabrys Cardiomyopathy presented #ESCCongress #heart #fabry #ICC #health \xe2\x81\xa6@ESC_Journals\xe2\x81\xa9 https://t.co\xe2\x80\xa6'
2019-08-31 14:03:13,b'6 red flags to remember in Fabrys Cardiomyopathy presented #ESCCongress #heart #fabry #ICC #health \xe2\x81\xa6@ESC_Journals\xe2\x81\xa9 https://t.co/eYdElOnPU0'
2019-08-31 14:02:10,b'RT @FinSmash: @nassercricket is supporting @FinSmash today. #essexcricket #englandcricket\n#ECB_cricket #ECB_CricketFans #bbctms #Ashes #gra\xe2\x80\xa6'
2019-08-31 14:01:50,b'RT @FinSmash: @bumblecricket has been kind enough to send a message of support to @FinSmash for today\xe2\x80\x99s amazing charity batting session\n#en\xe2\x80\xa6'
2019-08-31 14:00:24,b'Do you agree with this decision?\n.\n.\n.\n.\n.\n#cricket #testcricket #indiancricket #viratkohli #cricketmemes\xe2\x80\xa6 https://t.co/pA5oWLWvAr'
2019-08-31 13:55:54,b'RT @FinSmash: What a message from @ECB_cricket Test Captain and absolute cricketing legend @root66 in support of  @LoveMusgrove #yorkshirec\xe2\x80\xa6'
2019-08-31 13:55:48,b'RT @FinSmash: A huge Thankyou to @ECB_cricket World Cup winning captain @C_Edwards23 for her support of the @FinSmash &amp; @LoveMusgrove today\xe2\x80\xa6'
2019-08-31 13:54:38,b'RT @FinSmash: What a message from @ECB_cricket Test Captain and absolute cricketing legend @root66 in support of  @LoveMusgrove #yorkshirec\xe2\x80\xa6'
2019-08-31 13:47:32,b'RT @FinSmash: A huge Thankyou to @ECB_cricket World Cup winning captain @C_Edwards23 for her support of the @FinSmash &amp; @LoveMusgrove today\xe2\x80\xa6'
2019-08-31 13:43:25,b'A huge Thankyou to @ECB_cricket World Cup winning captain @C_Edwards23 for her support of the @FinSmash &amp;\xe2\x80\xa6 https://t.co/Eh9dHWLhd7'
2019-08-31 13:39:32,b'RT @shahul94833745: Wonderful match for cricket lovers. unfortunately winning is given by basis of hitting boundaries instead of taking mor\xe2\x80\xa6'
2019-08-31 13:38:50,b'RT @FinSmash: @bumblecricket has been kind enough to send a message of support to @FinSmash for today\xe2\x80\x99s amazing charity batting session\n#en\xe2\x80\xa6'
2019-08-31 13:38:42,b'RT @FinSmash: @nassercricket is supporting @FinSmash today. #essexcricket #englandcricket\n#ECB_cricket #ECB_CricketFans #bbctms #Ashes #gra\xe2\x80\xa6'
2019-08-31 13:34:02,b'ICC is hiring!\n\xf0\x9f\x91\x89 Access the following link and learn how to apply for this job vacancy: https://t.co/rk3E0v6hXw\n.\n.\xe2\x80\xa6 https://t.co/14quVAdU5k'
2019-08-31 13:32:36,b'RT @FinSmash: What a message from @ECB_cricket Test Captain and absolute cricketing legend @root66 in support of  @LoveMusgrove #yorkshirec\xe2\x80\xa6'
2019-08-31 13:32:09,b'RT @FinSmash: What a message from @ECB_cricket Test Captain and absolute cricketing legend @root66 in support of  @LoveMusgrove #yorkshirec\xe2\x80\xa6'
2019-08-31 13:31:20,b'What a message from @ECB_cricket Test Captain and absolute cricketing legend @root66 in support of  @LoveMusgrove\xe2\x80\xa6 https://t.co/ypdLuYHcWU'
2019-08-31 13:25:31,b'RT @FinSmash: @bumblecricket has been kind enough to send a message of support to @FinSmash for today\xe2\x80\x99s amazing charity batting session\n#en\xe2\x80\xa6'
